UPZ_Id,UPZ_Name,Borough,Neighborhood,Borough_Id,Latitude,Longitude
1,Paseo de los Libertadores,Usaquén,"Canaima, La Floresta de La Sabana yTorca.",01,4.727730000000065,-74.06470999999993
9,Verbenal,Usaquén,"Altos de Serrezuela, Balcones de Vista Hermosa, Balmoral Norte, Buenavista, Chaparral, El Codito, El Refugio de San Antonio, El Verbenal, Horizontes, La Estrellita, La Frontera, La Llanurita, Los Consuelos, Marantá, Maturín, Medellín, Mirador del Norte, Nuevo Horizonte, San Antonio Norte, Santandersito, Tibabita, Viña del Mar.",01,4.75180000000006,-74.04314999999997
10,La Uribe,Usaquén,"Bosque de San Antonio, Conjunto Camino del Palmar, El Pite, El Redil, La Cita, La Granja Norte, La Uribe, Los Naranjos, San Juan Bosco, Urbanización Los Laureles.",01,4.739530000000059,-74.02238999999997
11,San Cristóbal Norte,Usaquén,"Ainsuca, Altablanca, Barrancas, California, Cerro Norte, Danubio, Don Bosco, La Perla Oriental, Las Areneras, Milán (Barrancas), Pradera Norte, San Cristóbal Norte, San Cristóbal Norte parte alta, San Cristóbal Norte parte baja, Santa Teresa, Soratama, Torcoroma, Villa Nydia, Villa Oliva.",01,4.743150000000071,-74.04197999999997
12,Toberín,Usaquén,"El Toberín, Babilonia, Darandelos, Estrella del Norte, Guanoa, Jardín Norte, La Liberia, La Pradera Norte, Las Orquídeas, Pantanito, Santa Mónica, Villa Magdala, Villas de Aranjuez, Villas del Mediterráneo, Zaragoza.",01,4.7252900000000295,-74.04783999999995
13,Los Cedros,Usaquén,"Acacias, Antigua, Belmira, Bosque de Pinos, Caobos Salazar, Capri, Cedritos, Cedro Bolívar, Cedro Golf, Cedro Madeira, Cedro Narváez, Cedro Salazar, El Contador, El Rincón de Las Margaritas, La Sonora, Las Margaritas, Lisboa, Los Cedros, Los Cedros Oriental, Montearroyo, Nueva Autopista, Nuevo Country, Sierras del Moral el Nogal.",01,4.692590000000052,-74.03008999999997
14,Usaquén,Usaquén,"Bella Suiza, Bellavista, Bosque Medina, El Pañuelito, El Pedregal, Escuela de Caballería I, Escuela de Infantería, Francisco Miranda, Ginebra, La Esperanza, La Glorieta, Las Delicias del Carmen, Sagrado Corazón, San Gabriel, Santa Ana, Santa Ana Occidental, Santa Bárbara, Santa Bárbara Alta, Santa Bárbara Oriental, Unicerros, Usaquén.",01,4.712740000000053,-74.04727999999994
15,Country Club,Usaquén,"Country Club, La Calleja, La Carolina, La Cristalina, Prados del Country, Recodo del Country, Santa Coloma, Soatama, Toledo, Torres del Country, Vergel del Country.",01,4.724340000000041,-74.11721999999997
16,Santa Bárbara,Usaquén,"Santa Bárbara Occidental, Campo Alegre, Molinos del Norte, Multicentro, Navarra, Rincón del Chicó, San Patricio, Santa Bárbara, Santa Bárbara Central, Santa Bibiana, Santa Paula.",01,4.691510000000051,-74.14860999999996
88,El Refugio,Chapinero,"Chicó Reservado, Bellavista, Chicó Alto, El Nogal, El Refugio, La Cabrera, Los Rosales, Seminario y Toscana.",02,4.666400000000067,-74.01896999999997
89,San Isidro-Patios,Chapinero,"La Esperanza Nororiental, La Sureña, San Isidro y San Luis Altos del Cabo.",02,4.635990000000049,-74.06147999999996
90,Pardo Rubio,Chapinero,"Bosque Calderón, Bosque Calderón Tejada, Chapinero Alto, El Castillo, El Paraíso, Emaus, Granada, Ingemar, Juan XXIII, La Salle, Las Acacias, Los Olivos, María Cristina, Mariscal Sucre, Nueva Granada, Palomar, Pardo Rubio, San Martín de Porres, Villa Anita y Villa del Cerro.",02,4.667660000000069,-74.05777999999998
97,Chicó Lago,Chapinero,"Antiguo Country, Chicó Norte, Chicó Norte II, Chicó Norte III, Chicó Occidental, El Chicó, El Retiro, Espartillal, La Cabrera, Lago Gaitán, Porciúncula y Quinta Camacho.",02,4.638480000000072,-74.06020999999998
99,Chapinero,Chapinero,"Cataluña, Chapinero Central, Chapinero Norte, Marly y Sucre",02,4.624680000000069,-74.06762999999995
91,Sagrado Corazón,Santa Fe,"La Merced, Parque Central Bavaria, Sagrado Corazón, San Diego, Samper y San Martín.",03,4.614350000000059,-74.06572999999997
92,La Macarena,Santa Fe,"Bosque Izquierdo, Germania, La Macarena, La Paz Centro y La Perseverancia.",03,4.607210000000066,-74.06943999999999
93,Las Nieves,Santa Fe,"La Alameda, La Capuchina, Veracruz, Las Nieves, San Victorino y Santa Inés.",03,4.588190000000054,-74.07981999999998
95,Las Cruces,Santa Fe,Las Cruces y San Bernardo.,03,4.588680000000068,-74.07397999999995
96,Lourdes,Santa Fe,"Atanasio Girardot, Cartagena, El Balcón, El Consuelo, El Dorado, El Guavio, El Mirador, El Rocío, El Triunfo, Fabrica de Loza, Gran Colombia, La Peña, Los Laches, Lourdes, Ramírez, San Dionisio, Santa Rosa de Lima y Vitelma.",03,4.567880000000059,-74.08391999999998
32,San Blas,San Cristóbal,"Aguas Claras, Altos del Zipa, Amapolas, Amapolas II, Balcón de La Castaña, Bella Vista Sector Lucero, Bellavista Parte Baja, Bellavista Sur, Bosque de Los Alpes, Buenavista Suroriental, Camino Viejo San Cristóbal, Cerros de San Vicente, Ciudad de Londres, Corinto, El Balcón de La Castaña, El Futuro, El Ramajal, El Ramajal (San Pedro), Gran Colombia (Molinos de Oriente), Horacio Orjuela, La Castaña, La Cecilia, La Gran Colombia, La Herradura, La Joyita Centro (Bello Horizonte), La Playa, La Roca, La Sagrada Familia, Las Acacias, Las Columnas, Las Mercedes, Laureles Sur Oriental II Sector, Los Alpes, Los Alpes Futuro, Los Arrayanes Sector Santa Inés, La Roca, Los Laureles Sur Oriental I Sector, Macarena Los Alpes, Manantial, Manila, Miraflores, Molinos de Oriente, Montecarlo, Nueva España, Nueva España Parte Alta, Ramajal, Rincón de La Victoria-Bellavista, Sagrada Familia, San Blas, San Blas (parcelas), San Blas II Sector, San Cristóbal Alto, San Cristóbal Viejo, San Pedro Sur Oriental, San Vicente, San Vicente Alto, San Vicente Bajo, San Vicente Sur Oriental, Santa Inés, Santa Inés Sur, Terrazas de Oriente, Triángulo, Triángulo Alto, Triángulo Bajo, Vereda Altos de San Blas, Vitelma.",04,4.576850000000036,-74.09150999999997
33,Sociego,San Cristóbal,"Golconda, Primero de Mayo, Buenos Aires, Calvo Sur, La María, Las Brisas, Los Dos Leones, Modelo Sur, Nariño Sur, Quinta Ramos, República de Venezuela, San Cristóbal Sur, San Javier, Santa Ana, Santa Ana Sur, Sosiego, Velódromo, Villa Albania, Villa Javier.",04,4.57060000000007,-74.09614999999997
34,20 de Julio,San Cristóbal,"Atenas, 20 de Julio, Atenas I, Ayacucho, Barcelona, Barcelona Sur, Barcelona Sur Oriental, Bello Horizonte, Bello Horizonte III Sector, Córdoba, El Ángulo, El Encanto, Granada Sur, Granada Sur III Sector, La Joyita, La Serafina, Managua, Montebello, San Isidro, San Isidro I y II, San Isidro Sur, San Luis, Sur América, Villa de Los Alpes, Villa de Los Alpes I, Villa Nataly y 20 de Julio.",04,4.640920000000051,-74.06869999999998
50,La Gloria,San Cristóbal,"Altamira, Altamira Chiquita, Altos del Poblado, Altos del Virrey, Altos del Zuque, Bellavista Parte Alta, El Pilar, Bellavista Sur Oriental, Buenos Aires, Ciudadela Santa Rosa, El Quindío, El Recodo-República de Canadá, El Rodeo, La Colmena, La Gloria, La Gloria Baja, La Gloria MZ 11, La Gloria Occidental, La Gloria Oriental, La Gloria San Miguel, La Grovana, La Victoria, La Victoria II Sector, La Victoria III Sector, La Ye, Las Gaviotas, Las Guacamayas, Las Guacamayas I, II y III, Malvinas, Miraflores, Moralba, Panorama, Paseito III, Puente Colorado, Quindío, Quindío I y II, San José, San José Oriental, San José Sur Oriental, San Martín de Loba I y II, San Martín Sur y San Miguel.",04,4.533520000000067,-74.08908999999994
51,Los Libertadores,San Cristóbal,"Antioquia, Canadá La Guirá, Canadá La Guirá II Sector, Canadá-San Luis, Chiguaza, Ciudad de Londres, El Paraíso, El Pinar (República del Canadá II), El Triunfo, Juan Rey (La Paz), La Belleza, La Nueva Gloria, La Nueva Gloria II Sector, La Península, La Sierra, Los Libertadores, Los Libertadores Sector El Tesoro, Los Libertadores Sector La Colina, Los Libertadores Sector San Ignacio, Los Libertadores Sector San Isidro, Los Libertadores Sector San José, Los Libertadores Sector San Luis, Los Libertadores Sector San Miguel, Los Libertadores Bosque Diamante Triángulo, Los Pinares, Los Pinos, Los Puentes, Nueva Delhi, Nueva Gloria, Nueva Roma, Nuevas Malvinas (El Triunfo), República del Canadá, República del Canadá-El Pinar, San Jacinto, San Manuel, San Rafael Sur Oriental, San Rafael Usme, Santa Rita I, II y III, Santa Rita Sur Oriental, Valparaíso, Villa Angélica-Canadá-La Guirá, Villa Aurora, Villa del Cerro, Villabell, Yomasa, Villa Angélica, El Paraíso Sur Oriental I Sector, Juan Rey I y II, Villa Begonia.",04,4.736620000000073,-74.08508999999998
52,La Flora,Usme,"Buenos Aires, Costa Rica, Doña Liliana, El Bosque km. 11, Juan José Rondón, Juan José Rondón II Sector, La Cabaña, La Esperanza, La Flora-Parcelación San Pedro, Las Violetas, Los Arrayanes, Los Soches, Tihuaque, Unión, Villa Diana, Villa Rosita.",05,4.539160000000038,-74.11603999999994
56,Danubio,Usme,"Alaska, Arrayanes, Danubio Azul, Daza Sector II, Duitama, El Porvenir, El Porvenir II Sector, Fiscala II La Fortuna, Fiscala Sector Centro, La Fiscala-Los Tres Laureles, La Fiscala-Lote 16, La Fiscala-Lote 16A, La Fiscala Sector Daza, La Fiscala Sector Norte, La Fiscala Sector Rodríguez, La Morena I, La Morena II, La Morena II (Sector Villa Sandra), Nueva Esperanza, San Martín, Villa Neiza, Picota Sur, Porvenir.",05,4.5080200000000445,-74.11146999999994
57,Gran Yomasa,Usme,"Almirante Padilla, Altos del Pino, Arizona, Barranquillita, Benjamin Uribe, Betania, Betania II, Bolonia, Bulevar del Sur, Casa Loma II, Casa Rey, Casaloma, Compostela I, Compostela II, Compostela III, El Bosque, El Cortijo, El Curubo, El Jordán, El Nevado, El Pedregal, El Recuerdo Sur, El Refugio, El Refugio Sector Santa Librada, El Rosal-Mirador, El Rubí II Sector, Gran Yomasa I, Gran Yomasa II, La Andrea, La Aurora, La Cabaña, La Esperanza, La Fortaleza, La Regadera km. 11, La Regadera Sur, Las Granjas de San Pedro (Santa Librada), Las Viviendas, Los Tejares Sur II Sector, Nuevo San Andrés de Los Altos, Olivares, Salazar Salazar, San Andrés Alto, San Felipe, San Isidro Sur, San Juan Bautista, San Juan I, San Juan II, San Juan II y III, San Luis, San Pablo, Santa Librada, Santa Librada-La Esperanza, Santa Librada-La Sureña, Santa Librada-Los Tejares (Gran Yomasa), Santa Librada Norte, Santa Librada-San Bernardino, Santa Librada-San Francisco, Santa Librada-Salazar Salazar, Santa Librada Sector La Peña, Santa Marta II, Santa Martha, Sierra Morena, Tenerife II Sector, Urbanización Costa Rica-San Andrés de los Altos, Urbanización Brasilia II Sector, Urbanización Brasilia Sur, Urbanización Cartagena, Urbanización La Andrea, Urbanización La Aurora II, Urbanización Miravalle, Urbanización Tequendama, Valles de Cafam, Vianey, Villa Alejandría, Villa Nelly, Villas de Santa Isabel (Parque Entrenubes), Villas del Edén, Yomasita.",05,4.498370000000023,-74.10870999999997
58,Comuneros,Usme,"Alfonso López Sector Charalá, Antonio José de Sucre I, II y III, Bellavista Alta, Bellavista II Sector, Bosque El Limonar, Bosque El Limonar II Sector, Brazuelos, Brazuelos Occidental, Brazuelos-El Paraíso, Brazuelos-La Esmeralda, Centro Educativo San José, Chapinerito, Chicó Sur, Chicó Sur II, Ciudadela Cantarrana I, II y III Sector, Comuneros, El Brillante, El Espino, El Mortiño, El Rubí, El Tuno, El Uval, El Virrey Última Etapa, Finca La Esperanza, La Esmeralda-El Recuerdo, La Esperanza km. 10, Las Brisas, Las Flores, Las Mercedes, Lorenzo Alcantuz I, Lorenzo Alcantuz II, Los Altos del Brazuelo, Marichuela III, Monteblanco, Montevídeo, Nuevo San Luis, San Joaquín-El Uval, Sector Granjas de San Pedro, Tenerife, Urbanización Chuniza I, Urbanización Jarón Monte Rubio, Urbanización Líbano, Urbanización Marichuela, Usminia, Villa Alemania, Villa Alemania II Sector, Villa Anita Sur, Villa Israel, Villa Israel II.",05,4.639020000000073,-74.07304999999997
59,Alfonso López,Usme,"Alfonso López Sector Buenos Aires, Alfonso López Sector El Progreso, Brisas del Llano, El Nuevo Portal, El Paraíso, El Portal II Etapa, El Progreso Usme, El Refugio I y II, El Triángulo, El Uval II Sector, La Huerta, La Orquídea Usme, La Reforma, Nuevo Porvenir, Nuevo Progreso-El Progreso II Sector, Portal de La Vega, Portal de Oriente, Portal del Divino, Puerta al Llano, Puerta al Llano II, Refugio I, Villa Hermosa.",05,4.537010000000066,-74.09788999999995
60,Parque Entrenubes,Usme,"Arrayanes, Bolonia, El Bosque Central, El Nuevo Portal II, El Refugio I, La Esperanza Sur, Los Olivares, Pepinitos, Tocaimita Oriental, Tocaimita Sur.",05,4.4982800000000225,-74.10744999999997
61,Ciudad Usme,Usme,"Ciudadela El Oasis, Brisas del Llano, Usme-Centro, El Bosque km. 11, El Pedregal-La Lira, El Salteador, La María.",05,4.592320000000029,-74.13761999999997
42,Venecia,Tunjuelito,"Fátima, Isla del Sol, Laguneta, Nuevo Muzú, Rincón de Muzú, Rincón de Venecia, Samore, San Vicente Ferrer, Tejar de Ontario, Venecia, Ciudad Tunal",06,4.561820000000068,-74.12733999999995
62,Tunjuelito,Tunjuelito,"Abraham Lincoln, San Benito, San Carlos, Tunjuelito.",06,4.600260000000048,-74.18017999999995
49,Apogeo,Bosa,"Jardines del Apogeo, El Motorista, Industrial, La Ilusión, Nuevo Chile, Olarte, Villa del Río.",07,4.652630000000045,-74.10918999999996
84,Bosa Occidental,Bosa,"Amaru, Berlín, Berlín de Bosa La Libertad III, Betania, Bosa Nova, Bosa Nova II Sector, Bosalinda (Holdebrando Olarte), Brasil, Brasilia, Campo Hermoso, Casa Nueva, Chicala, Ciudadela La Libertad, El Bosque de Bosa, El Cauce, El Diamante, El Libertador, El Paradero, El Portal de La Libertad, El Porvenir, El Progreso, El Recuerdo, El Rincón de Bosa, El Rodeo, El Sauce, Escocia, Finca La Esperanza, Holanda, Hortelanos de Escocia, Jorge Uribe Botero, La Concepción, La Dulcinea, La Esmeralda, La Estanzuela I y II, La Florida, La Fontana de Bosa-La Libertad, La Independencia, La Libertad I, II, III, IV, La Magnolia, La María, La Palma, La Paz, La Portada, La Portadita, La Veguita, Las Margaritas, Las Vegas, Los Ocales, Los Sauces, Miami, New Jersey, Nuestra Señora de La Paz, Nueva Escocia, Nueva Esperanza, Porvenir, Potreritos, San Antonio, San Antonio de Bosa, San Antonio de Escocia, San Bernardino, San Javier, San Jorge, San Juanito, San Martín, San Pedro, Santa Inés, Sauces, Siracuza, Tokio, Vegas de Santana, Villa Carolina, Villa Clemencia, Villa Colombia, Villa de Los Comuneros, Villa de Suaita, Villa Magnolia, Villa Natalia, Villa Nohora, Villa Sonia I y II, Villas del Progreso, Villas del Velero y Campo Verde.",07,4.60931000000005,-74.18481999999995
85,Bosa Central,Bosa,"Andalucía I y II, Antonia Santos, Argelia, Bosa, Bosques de Meryland, Brasilia-La Estación, Carlos Albán, Charles de Gaulle, Claretiano, El Jardín, El Llano, El Palmar, El Portal de Bosa, El Povenir, El Progreso, El Retazo, El Toche, Getsemaní, Grancolombiano I y II, Gualoche, Hermanos Barragán, Humberto Valencia, Islandia, Israelita, Jiménez de Quesada, José Antonio Galán, José María Carbonel, La Amistad, La Azucena, La Estación, La Riviera, Laureles, Llano Oriental, Llanos de Bosa, Manzanares, Mitrani, Naranjos, Nueva Granada, Bosa Palestina, Paso Ancho, Piamonte, Primavera Sur, San Eugenio, San Pablo I sector y San Pablo II sector, San Pedro, Santa Lucía, Urbanización Acuarela, Betania, Vereda San José, La Esperanza, Villa Anny, Villa Bosa, Villa Nohora, Xochimilco.",07,4.643500000000074,-74.18750999999997
86,El Porvenir,Bosa,"Caldas, Antonio Nariño, Campo Hermoso, Cañaveralejo, El Anhelo, El Corzo, El Porvenir, El Recuerdo, El Recuerdo de Santa Fe, El Regalo, La Arboleda, La Cabaña, La Granjita, La Suerte, La Unión, Los Centauros, Osorio X, Osorio XIII, Parcela El Porvenir, San Bernardino II, San Miguel, Santa Fe I, II y III, Santa Fe de Bosa, Villa Alegre, Villa Alegría, Villa Esmeralda, Villa Karen.",07,4.647360000000049,-74.15899999999993
87,Tintal Sur,Bosa,"El Matorral, El Matorral de San Bernardino, El Triunfo, El Triunfo de San Bernardino, La Vega de San Bernardino Bajo, Potreritos, San Bernardino Sector Potrerito, San Bernardino XIX, XVI, XVII, XVIII, XXII y XXV y Ciudadela el Recreo",07,4.639480000000049,-74.14336999999995
46,Castilla,Kennedy,"Aloha Norte, Agrupación de Vivienda Pio XII, Andalucía I y II, Bavaria Techo II, Bosques de Castilla, Castilla La Nueva, Castilla Los Mandriles, Castilla Real, Castilla Reservado, Catania, Catania-Castilla, Ciudad Don Bosco, Ciudad Favidi, Ciudad Techo, El Castillo, El Condado, El Portal de las Américas, El Rincón de Castilla, El Rincón de Los Ángeles, El Tintal, El Vergel, Lagos de Castilla, Las Dos Avenidas I y II Etapa, Monterrey, Multifamiliares El Ferrol, Osorio, Oviedo, Pio XII, San José Occidental, Santa Catalina I y II, Valladolid, Villa Alsacia, Villa Castilla, Villa Galante, Villa Liliana, Villa Mariana y Visión de Colombia.",08,4.628280000000075,-74.13772999999998
44,Américas,Kennedy,"Agrupación Pío X, Agrupación Multifamiliar Villa Emilia, Alférez Real, Américas Central, Américas Occidental I, II Y III Etapa, Antiguo Hipódromo de Techo II Etapa, Banderas, Carvajal II Sector, Centroaméricas, Ciudad Kennedy, El Rincón de Mandalay, Floresta Sur, Fundadores, Glorieta de las Américas, Hipotecho, Igualdad I y II, La Llanura, Las Américas, Los Sauces, Mandalay, Marsella III, Nueva Marsella I, II y III, Provivienda Oriental, Santa Rosa de Carvajal, Villa Adriana y Villa Claudia.",08,4.608060000000023,-74.13874999999996
45,Carvajal,Kennedy,"Alquería de la Fragua, Bombay, Carimagua I, Carvajal, Carvajal Osorio, Carvajal Techo, Condado El Rey, Delicias, Desarrollo Nueva York, El Pencil, El Progreso I y II, El Triángulo, Floralia I y II, Gerona, Guadalupe, La Chucua, Las Torres, Los Cristales, Lucerna, Milenta, Nueva York, Provivienda, Provivienda Occidental, Salvador Allende, San Andrés I y II, Talavera de la Reina, Tayrona Comercial, Valencia-La Chucua y Villa Nueva.",08,4.621790000000033,-74.15317999999996
47,Kennedy Central,Kennedy,"Abraham Lincoln, Casablanca I, II, III y IV, Casablanca 32 y 33, Ciudad Kennedy Central, Ciudad Kennedy Norte, Ciudad Kennedy Occidental, Ciudad Kennedy Oriental, Ciudad Kennedy Sur, El Descanso, La Giraldilla, Miraflores Kennedy, Multifamiliar Techo, Nuevo Kennedy, Pastrana, Techo y Puerto José de Caldas.",08,4.615420000000029,-74.15391999999997
48,Timiza,Kennedy,"Alameda de Timiza, Alfonso Montaña, Berlín, Boitá I y II, Casa Loma, Catalina, Catalina II, El Comité, El Jordán, El Palenque, El Porvenir, El Rubí, Jacqueline, Juan Pablo I, La Cecilia, La Unidad, Lago Timiza I y II Etapa, Las Luces, Moravia II, Nuevo Timiza, Onasis, Pastrana, Pastranita II, Perpetuo Socorro, Prados de Kennedy, Roma, Roma II, Sagrado Corazón, San Martín de Porres, Santa Catalina, Timiza, Tonoli, Tocarema, Tundama, Vasconia II, Villa de los Sauces y Villa Rica.",08,4.652490000000057,-74.15912999999995
78,Tintal Norte,Kennedy,"Santa Paz-Santa Elvira y Vereda El Tintal,y la parte occidental del sector Tintal como lo es Ciudad Tintal.",08,4.643350000000055,-74.16706999999997
79,Calandaima,Kennedy,"Urbanización Unir Uno (Predio Calandaima), Calandaima, Conjunto Residencial Prados de castilla I, II y III, Conjunto Residencial Gerona del Tintal, Galán, Osorio, Santa Fe del Tintal, Tintala, Ciudadela Tierra Buena, Ciudadela Primavera.",08,4.632060000000024,-74.15521999999999
80,Corabastos,Kennedy,"Cayetano Cañizares, Chucua de la Vaca, El Amparo, El Llantito, El Olivo, El Saucedal, La Concordia, La Esperanza, La María, Llano Grande, María Paz, Pinar del Río, San Carlos, Villa de la Loma, Villa de la Torre, Villa Emilia y Vista Hermosa.",08,4.618370000000027,-74.17511999999994
81,Gran Britalia,Kennedy,"Alfonso López Michelsen, Britalita, Calarcá I y II, Casablanca Sur, Class, El Almenar, El Carmelo, Gran Britalia, La Esperanza, La María, Pastranita, Santa María de Kennedy, Vegas de Santa Ana, Villa Andrea, Villa Anita, Villa Nelly, Villa Zarzamora y Villas de Kennedy.",08,4.639300000000048,-74.16119999999995
82,Patio Bonito,Kennedy,"Altamar, Avenida Cundinamarca, Barranquillita, Bellavista, Campo Hermoso, Ciudad de Cali, Ciudad Galán, Ciudad Granada, Dindalito, El Paraíso, El Patio, El Rosario, El Saucedal, El Triunfo, Horizonte Occidente, Jazmín Occidental, La Rivera, Las Acacias, Las Brisas, Las Palmeras, Los Almendros, Palmitas, Patio Bonito I II y III, Puente La Vega, San Dionisio, San Marino, Santa Mónica, Sumapaz, Tayrona, Tierra Buena. Tintalito I y II, Tocarema, Villa Alexandra, Villa Andrés, Villa Hermosa y Villa Mendoza.",08,4.630450000000053,-74.19492999999994
83,Las Margaritas,Kennedy,"Las Margaritas, Osorio XI y XII, Portal Américas.",08,4.638140000000021,-74.13752999999997
113,Bavaria,Kennedy,"Aloha, Alsacia, Áticos de las Américas, Cooperativa de Suboficiales, El Condado de la Paz, Los Pinos de Marsella, Lusitania, Marsella, Nuestra Señora de La Paz, San José Occidental, Unidad Oviedo, Urbanización Bavaria y Ciudad Alsacia.",08,4.686370000000068,-74.15099999999995
75,Fontibón,Fontibón,"Arabia, Atahualpa, Bahía Solano, Santiago Batavia, Belén, Betania, Boston, Centenario, Centro A, El Carmen, El Cuco, El Guadual, El Jordan, El Pedregal, El Ruby, El Tapete, Ferrocaja, Flandes, Fontibón Centro, La Cabaña, La Giralda, La Laguna, Las Flores, Palestina, Rincón Santo, Santander, Salamanca, San Pedro-Los Robles, Torcoroma, Unidad Residencial Montecarlo, Valle Verde, Veracruz, Versalles, Villa Beatriz, Villa Carmenza, Villemar.",09,4.697030000000041,-74.15201999999994
76,Fontibón-San Pablo,Fontibón,"Ambalema, Bohíos, El Portal, El Refugio, El Triángulo, Florencia, Jericó, La Aldea, La Estación, La Perla, La Zelfita, Las Brisas, Prados de la Alameda, Puente Grande, San Pablo, Selva Dorada, Villa Liliana, HB, Recodo.",09,4.6725000000000705,-74.15960999999999
77,Zona Franca,Fontibón,"Pueblo Nuevo, Moravia, Kasandra, Sabana Grande.",09,4.65184000000005,-74.10898999999995
110,Ciudad Salitre Occidente,Fontibón,"Carlos Lleras, La Esperanza Norte, Salitre Nor-Occidental, Sauzalito.",09,4.642630000000054,-74.11656999999997
112,Granjas de Techo,Fontibón,"El Franco, Granjas de Techo, Montevideo, Paraíso Bavaria, Visión Semiindustrial.",09,4.665830000000028,-74.11524999999995
114,Modelia,Fontibón,"Bosque de Modelia, Baleares, Capellania, El Rincón de Modelia, Fuentes del Dorado, Hayuelos, Cofradía, La Felicidad, La Esperanza, Mallorca, Modelia, Modelia Occidental, Santa Cecilia, Tarragona.",09,4.686140000000023,-74.13188999999994
115,Capellanía,Fontibón,"El Jardín, La Rosita, Puerta de Teja, San José, Veracruz.",09,4.697930000000042,-74.14113999999995
117,Aeropuerto Eldorado,Fontibón,El Bogotano,09,4.68434000000002,-74.08418999999998
26,Las Ferias,Engativá,"Acapulco, Bellavista Occidental, La Bonanza, Bosque Popular, Cataluña, Ciudad de Honda, El Dorado-San Joaquín, El Guali, El Laurel, El Paseo, Estrada, La Cabaña, La Estradita, La Europa, La Marcela, La Reliquia, Las Ferias, Metrópolis, Palo Blanco, Santo Domingo.",10,4.702820000000031,-74.09521999999998
29,Minuto de Dios,Engativá,"Andalucía, Ciudad Bachué, Copetroco La Tropical, El Portal del Río, La Palestina, Tisquesusa, Andalucía, La Española, La Serena, Los Cerezos, Luis Carlos Galán, Meissen-Sidauto, Minuto de Dios, Morisco, París Gaitán, Primavera Norte, Quirigua.",10,4.683330000000069,-74.09999999999997
30,Boyacá Real,Engativá,"Boyacá, El Carmelo, El Refugio, Florencia, Florida Blanca, La Almería, La Granja, La Soledad Norte, La Salina, Los Pinos Florencia, Maratu, París, Santa Helenita, Santa María del Lago, Santa Rosita, Tabora, Veracruz, Zarzamora.",10,4.674240000000054,-74.11975999999999
31,Santa Cecilia,Engativá,"El Encanto, El Lujan, El Real, Los Monjes, Normandía, Normandía Occidental, San Ignacio, San Marcos, Santa Cecilia, Villa Luz.",10,4.708030000000065,-74.12721999999997
72,Bolivia,Engativá,"Bochica, Bochica Compartir, Bolivia, Ciudadela Colsubsidio, Cortijo.",10,4.712860000000035,-74.12015999999994
73,Garcés Navas,Engativá,"Garcés Navas, Álamos, Álamos Norte, Bosques de Mariana, El Cedro, Garcés Navas, Los Ángeles, Molinos de Viento, Plazuelas del Virrey, San Basilio, Santa Mónica, Villa Amalia, Villa Sagrario, Villas de Granada, Villas del Madrigal, Villas del Dorado-San Antonio, Bosques de Granada, Parques de Granada, Andalucía Parques de Granada, Portal de Granada, Rincón de Granada, Granada Club Residencial, La Rotana, Mirador de los Cerezos.",10,4.701270000000022,-74.11268999999999
74,Engativá,Engativá,"Alameda, Centauros del Danubio , El Cedro, El Mirador, El Muelle, El Palmar, El Triángulo, El Verdún, Engativá-Centro, Granjas El Dorado, La Cabaña, La Esperanza, La Faena, La Riviera, La Torquigua, Santa Lucía Norte, Las Mercedes, Las Palmas, Linterama, Los Laureles, Los Laureles-Sabanas El Dorado, Marandú, Porvenir, Puerto Amor-Playas del Jaboque, San Antonio Norte, San Basilio, San José Obrero, Santa Librada, Villa Claver I y II, Villa Constanza, Villas del Dorado Norte, Villa Gladys, Villa Mary, Villa Sandra, Villa Teresita, Viña del Mar.",10,4.66297000000003,-74.10192999999998
105,Jardín Botánico,Engativá,El Salitre-Luis María Fernández.,10,4.704760000000022,-74.11854999999997
116,Álamos,Engativá,San Ignacio-Los Álamos.,10,4.675010000000043,-74.15163999999999
2,La Academia,Suba,La Academia,11,4.82062571946904,-74.07649477923005
3,Guaymaral,Suba,"Guaymaral, Conejera.",11,4.7635400000000345,-74.05977999999999
17,San José de Bavaria,Suba,"Gibraltar, Guicani, Mirandela, Nueva Zelandia, Oikos, San Felipe, San José de Bavaria, Santa Catalina, Tejares del Norte, Villanova, Villa del Prado, Villa Lucy.",11,4.748060000000066,-74.05492999999996
18,Britalia,Suba,"Britalia, Britalia San Diego, Calima Norte, Cantagallo, Cantalejo, El Paraíso de los 12 Apóstoles, Gilmar, Granada Norte, Granjas de Namur, La Chocita, Los Eliseos, Pijao de Oro, Portales del Norte, San Cipriano, Villa Delia, Vista Bella.",11,4.726100000000031,-74.03696999999994
19,El Prado,Suba,"Alcalá, Atabanza, Bernal y Forero, Cacihia, Canodromo, La Sultana, Libertadores, Los Prados de La Sultana, Madeira, Manuela Arluz, Mazurén, Niza IX, Prado Pinzón, Prado Sur, Prado Veraniego, Prado Veraniego Norte, Prado Veraniego Sur, San José del Spring, San José del Prado, Santa Helena, Tarragona, Tierra Linda, Victoria Norte, Villa Morena.",11,4.700150000000065,-74.05820999999997
20,La Alhambra,Suba,"Alhambra, Batán, El Recreo de los Frailes, Estoril, Ilarco, Malibú, Mónaco, Pasadena, Puente Largo.",11,4.794060000000059,-74.04711999999995
23,Casablanca Suba,Suba,"Atenas, Catalayud, Casa Blanca I y II, Casablanca Norte Suba, Del Monte, El Velero, Escuela de Carabineros.",11,4.707050000000038,-74.07629999999995
24,Niza,Suba,"Calatrava, Campania, Ciudad Jardín Norte, Colina Campestre, Colinas de Suba, Córdoba, Covadonga, Gratamira, Iberia, Lagos de Córdoba, Las Villas, Lindaraja, Niza, Niza Norte, Niza Suba, Niza VIII, Prado Jardín, Provenza, Rincón de Iberia, Sotileza.",11,4.697340000000054,-74.07561999999996
25,La Floresta,Suba,"Andes Norte, Club los Lagartos, Coasmedas, Julio Florez, La Alborada, La Floresta Norte, Morato, Nuevo Monterrey, Pontevedra, Potosí, Santa Rosa, San Nicolás, Teusacá.",11,4.734380000000044,-74.08562999999998
27,Suba,Suba,"Acacias, Alaska, Alcázar de Suba, Almendros Norte, Alto de la Toma, Bosques de San Jorge, Campanela, Costa Azul, El Pencil, Suba Compartir, El Pinar, Los Lagos, El Pórtico, El Salitre, Java, La Campiña, La Fontana, Gloria Lara, Las Orquídeas, Londres, Miraflores, Monarcas, Navetas, Prados de Suba, Portal de Las Mercedes, Almendros de Suba, Las Flores, Pradera de Suba, Prados de Suba, Rincón de Santa Inés, San Francisco, Santa Isabel, Suba Centro, Tuna Alta, Tuna Baja, Turingia, Vereda Suba Cerros, Villa del Campo, Villa Esperanza, Villa Hermosa, Villa Susana.",11,4.728370000000041,-74.08834999999993
28,El Rincón,Suba,"Alcaparros, Almirante Colón, Almonacid, Altos de Chozica, Altos de la Esperanza, Amberes, Antonio Granados, Arrayanes, Aures I y II, Bochalema, Catalina, Ciudad Hunza, Ciudadela Cafam, Costa Azul, Costa Rica, El Aguinaldo, El Arenal, El Carmen, El Cerezo, El Cóndor, El Jordan-La Esperanza, El Poa, El Naranjal, El Ocal, El Palmar, El Pórtico, El Progreso, El Refugio de Suba, El Rubí, El Tabor, Gloria Lara de Echeverri, Guillermo Núñez, Jaime Bermeo, Japón, Java II Sector, La Aguadita, La Alameda, La Aurora, La Chucua, La Esmeralda, La Esperanza (Calle 131 A), La Estanzuela, La Flor, La Flora, La Manuelita, La Palma, Lagos de Suba, Las Flores, Lombardía/comuneros, Los Arrayanes, Los Naranjos, Los Nogales, Naranjos Altos, Palma Aldea, Porterrillo, Prados de Santa Bárbara, Puerta del Sol, Rincón de Suba, Rincón El Cóndor, Rincón-Escuela, Riobamba, Rodrigo Lara Bonilla, San Cayetano, San Isidro Norte, San Jorge, San Miguel, San Pedro, Santa Ana de Suba, Taberín, Telecom Arrayanes, Teusaquillo de Suba, Tibabuyes, Trinitaria, Villa Alexandra, Villa Catalina, Villa Elisa, Villa María, Villas del Rincón.",11,4.736170000000072,-74.11038999999994
71,Tibabuyes,Suba,"Atenas, Berlín, Bilbao, Cañiza I, II y III, Carolina II y III, El Cedro, Compartir, Fontanar del río, La Gaitana, La Isabela, Lisboa, Los Nogales de Tibabuyes, Miramar, Nueva Tibabuyes, Nuevo Corinto, Prados de Santa Bárbara, Rincón de Boyacá, Sabana de Tibabuyes, San Carlos de Suba, San Carlos de Tibabuyes, San Pedro de Tibabuyes, Santa Cecilia, Santa Rita, Tibabuyes Universal, Toscana, Vereda Suba-Rincón, Vereda Tibabuyes, Verona, Villa Cindy, Villa de las Flores, Villa Gloria.",11,4.686560000000043,-74.06990999999994
21,Los Andes,Barrios Unidos,"Villa Calasanz, Entre Ríos, La Castellana, La Patria, Los Andes, Rionegro, Urbanización San Martín y Vizcaya",12,4.670930000000055,-74.07343999999995
22,12 de Octubre,Barrios Unidos,"Doce De Octubre, Jorge Eliécer Gaitán, José Joaquín Vargas, La Libertad, Rincón Del Salitre, El Labrador, Metrópolis, Modelo Norte, San Fernando, San Miguel y Simón Bolívar.",12,4.6632900000000745,-74.07033999999999
98,Los Alcázares,Barrios Unidos,"1 De Noviembre, Alcázares Norte, Baquero, Benjamín Herrera, Chapinero Noroccidental, Colombia, Concepción Norte, Juan XXIII Norte, La Aurora, La Esperanza, La Merced Norte, La Paz, Los Alcázares, Muequetá, Polo Club, Quinta Mutis, Rafael Uribe Uribe, San Felipe, Santa Sofía y Siete de Agosto.",12,4.6643550459595176,-74.08701490801155
103,Parque Salitre,Barrios Unidos,El Rosario.,12,4.641950000000065,-74.07494999999994
100,Galerías,Teusaquillo,"El Campín, San Luis, Chapinero Occidental, Galerías, Banco Central, Quesada, Belalcázar, Alfonso López Norte, Palermo.",13,4.623290000000054,-74.07224999999994
101,Teusaquillo,Teusaquillo,"La Soledad, Santa teresita, La Magdalena, Teusaquillo, Las Americas, La Estrella, Armenia.",13,4.661360000000059,-74.09646999999995
104,Parque Simón Bolívar,Teusaquillo,Parque Metropolitano Simón Bolívar,13,4.6471200000000294,-74.09137999999996
106,La Esmeralda,Teusaquillo,"Pablo VI, Nicolás de Federmán, Campin Occidental, Rafael Núñez, La Esmeralda.",13,4.6348800000000665,-74.09363999999994
107,Quinta Paredes,Teusaquillo,"Acevedo Tejada, El Recuerdo, Gran América, Centro Nariño, Quinta Paredes, Ortezal.",13,4.645110000000045,-74.09970999999996
109,Ciudad Salitre Oriental,Teusaquillo,"Ciudad Salitre Su-Oriental, Ciudad Salitre Nor-Oriental.",13,4.6478100000000495,-74.20825999999994
37,Santa Isabel,Mártires,"Eduardo Santos, El Progreso, El Vergel, Santa Isabel y Veraguas.",14,4.607870000000048,-74.08697999999998
102,La Sabana,Mártires,"El Listón, Estación de la Sabana, La Estanzuela, La Favorita, La Pepita, Paloquemao, Panamericano - La Florida, Ricaurte, Samper Mendoza, San Victorino, Santa Fe, Voto Nacional, el Conjunto Residencial Usatama, Unidad Residencial Colseguros, la Unidad Residencial Sans Façon y Bulevar de Sans Façon.",14,4.58340000000004,-74.09960999999998
35,Ciudad Jardín,Antonio Nariño,"Policarpa, Caracas, Ciudad Berna, Ciudad Jardín, Sevilla, Luna Park y La Hortúa.",15,4.585140000000024,-74.10099999999994
38,Restrepo,Antonio Nariño,"Restrepo, Villa Mayor, San Jorge Central, Cinco de Noviembre, Eduardo Freí, San Antonio, La Fragua, La Fraguita, Santander.",15,4.603930000000048,-74.11536999999998
40,Ciudad Montes,Puente Aranda,"La Guaca, Bochica, Carabelas, Ciudad Montes, El Sol, Jazmín, Jorge Gaitán Cortés, Villa Inés, La Asunción, La Camelia, Los Comuneros, Ponderosa, Primavera, Remanso, San Eusebio, Santa Matilde, Tibaná y Torremolinos.",16,4.579060000000027,-74.14324999999997
41,Muzú,Puente Aranda,"Alcalá, Alquería, Autopista Sur, La Coruña, Los Sauces, Muzú, Ospina Pérez, Santa Rita, Tejar, Villa del Rosario y Villa Sonia.",16,4.5484200000000214,-74.14954999999998
43,San Rafael,Puente Aranda,"Barcelona, Bisas del Galán, Camelia Sur, Colón, Galán, La Pradera, La Trinidad, El Arpay La Lira, Milenta, San Francísco, San Gabriel, San Rafael, San Rafael Industrial y Salazar Gomez .",16,4.6379400000000714,-74.12309999999997
108,Zona Industrial,Puente Aranda,"Cundinamarca, El Ejido, Gorgonzola, Industrial Centenario, La Florida Occidental, Los Ejidos y Pensilvania.",16,4.633340000000032,-74.10627999999997
111,Puente Aranda,Puente Aranda,"Batallón Caldas, Centro Industrial, Ortezal y Puente Aranda.",16,4.594370000000026,-74.07688999999993
94,La Candelaria,La Candelaria,"La Catedral, La Concordia, Las Aguas, Centro Administrativo, Egipto, Belén , Nueva Santa Fe y Santa Bárbara.",17,4.649880000000053,-74.06471999999997
36,San José,Rafael Uribe,"Bosque de San Carlos, Country Sur, Gustavo Restrepo, Pijaos, San José Sur, San Luis Sur y Sosiego Sur.",18,4.580700000000036,-74.11226999999997
39,Quiroga,Rafael Uribe,"Claret, Bravo Páez, Centenario, Matatigres, Murillo Toro, Olaya, Quiroga, Santa Lucía, Santiago Pérez, El Inglés y Villa Mayor Occidental.",18,4.569390000000055,-74.11979999999994
53,Marco Fidel Suárez,Rafael Uribe,"Colinas, El Pesebre, Granjas de San Pablo, Granjas de Santa Sofía, Jorge Cavelier La Resurección, Las Lomas, Luis López de Mesa, Marco Fidel Suárez, Río de Janeiro y San Jorge.",18,4.553540000000055,-74.11436999999995
54,Marruecos,Rafael Uribe,"Arboleda Sur, Callejón Santa Bárbara, Cerros de Oriente, Chircales, Danubio Sur, El Consuelo, El Rosal, El Socorro, Gavaroba, Guiparma, La Merced del Sur, La Picota Occidental, La Playa, Marruecos, Mirador del Sur, Molinos, Nueva Pensilvania Sur, Pradera Sur, Puerto Rico, Sarasota, bochica, Villa Gladys y Villa Morales.",18,4.547770000000071,-74.10813999999993
55,Diana Turbay,Rafael Uribe,"San Agustín, Diana Turbay, El Portal, La Esperanza Alta, La Paz, La Picota Oriental, Palermo Sur (con las subdivisiones Central, El Triángulo, Las Brisas, Oswaldo Gómez, San Marcos y Santa Fonseca).",18,4.537990000000036,-74.13640999999996
63,El Mochuelo,Ciudad Bolívar,"La Lira, El Pedregal, Villa Jacky, las Manas y Mochuelo Oriental.",19,4.505270000000053,-74.11719999999997
64,Monteblanco,Ciudad Bolívar,"El Mochuelo II, Brazuelos de Santo Domingo, Esmeralda, Lagunitas, Paticos y Barranquitos.",19,4.5678400000000465,-74.16171999999995
65,Arborizadora,Ciudad Bolívar,"Arborizadora Baja, Atlanta, La Playa, Madelena, Rafael Escamilla, Santa Helena, Santa Rosa Sur, Villa Helena, Casa linda , La Coruña y Protecho.",19,4.562660000000051,-74.14827999999994
66,San Francisco,Ciudad Bolívar,"San Francisco, Las Acacias, Candelaria La Nueva, Gibraltar, Colmena, La Casona, Juan José Rondón, San Luis Sur, San Fernando Sur, Santa Inés de la Acacia, Millan Los Sauces, Puerta del Llano, Sauces, Hortalizas y El Recuerdo.",19,4.54779000000002,-74.14855999999997
67,Lucero,Ciudad Bolívar,"Álvaro Bernal Segura, Lucero Alto, Lucero Medio, Lucero Bajo, Domingo Laín, El Bosque, El Castillo, El Paraíso Mirador, Bella Flor, La Torre, Estrella del Sur, El Triunfo, Gibraltar Sur, Juan Pablo II, La Alameda, La Cabaña, La Escala, Las Manitas, Los Alpes, El Satélite, La Torre, Los Andes de Nutibara, La Estrella de Lagos, Ciudad Milagros, Compartir, Buenavista, Marandú, Meissen, Brisas del Volador, México, Nueva Colombia, Naciones Unidas, Tierra Linda, Vista Hermosa, Rincón del Diamante Villa Gloria y Capri.",19,4.536920000000066,-74.14929999999998
68,El Tesoro,Ciudad Bolívar,"Arabia, Acapulco, Buenos Aires, Bogotá Sur, Divino Niño, Casa de Teja, El Consuelo, El Tesoro, Tesorito, El Mochuelo I, El Reflejo, La Cumbre, Los Duques, Inés Elvira, Monterey, Minuto de María, Ocho de Diciembre, Quiba, Potreritos, República de Venezuela, República de Canadá, San Rafael Sur, San Joaquín del Vaticano, Sotavento y Villa Diana López.",19,4.586410000000058,-74.16868999999997
69,Ismael Perdomo,Ciudad Bolívar,"Bella Estancia, Barlovento, Caracolí, Bonanza Sur, Casa Loma Casavianca, Cerro del Diamante, El Rosal, El Espino, Ismael Perdomo, El Porvenir, El Rincón del Porvenir, Galicia, La Carbonera, Mirador de la Estancia, Mirador de Primavera, Perdomo Alto, Rincón de Galicia, Rincón de la estancia, Rincón de la Valvanera, San Antonio del Mirador, San Isidro, María Cano, San rafael de la Estancia, Santa Viviana, Santo Domingo y Sierra Morena.",19,4.572580000000073,-74.15814999999998
70,Jerusalén,Ciudad Bolívar,"Arborizadora Alta, Bella Vista, Florida del Sur, Jerusalén, La Pradera, Las Brisas, Potosí, Las Vegas de Potosí, Villas de Bolívar y Verona.",19,,
